synthesis_id,triad_id,final_research_question,final_abstract,final_sources,all_text_source_ids,all_image_source_ids,created_at
1,1,"The interplay between media, technology, and political alliances during and after World War I and II illustrates how communication tools and propaganda were pivotal in shaping public perception, political discourse, and the governance of technological infrastructure, reflecting broader tensions between industrial forces and democratic ideals.","The examination of wartime propaganda, such as the 1942 poster promoting the Sino-American alliance against Japanese fascism, alongside post-World War I debates over technological control in America, reveals a consistent theme: the strategic use of media and communication technologies to influence political narratives and public sentiment. While Marincola highlights the rhetorical power of alliances in shaping global narratives, Noble and Fischer underscore the domestic tensions over technological governance and the role of communication in political and labor movements. These perspectives collectively illustrate how media and technology have historically been leveraged to navigate the complex relationship between industrial capabilities and democratic processes, shaping both international alliances and domestic policy debates.","Source 1, Source 2, Source 3","3112b075-1fdc-41c7-a1f2-81276ee21c5d,0126eeee-9e9d-4dfb-815e-53ae7514b753,542a8046-e5ba-4213-bbcd-2ce3f537b66c,74c660a2-a94f-4cfc-9571-7111e4778745,8e26505d-cb49-4146-a5e9-8ea5338ac209,6e7c915f-13f1-4150-865d-642157c4a070,0e20217e-4cb3-44c8-b078-19dd73da17f0,78ea8b28-d6de-4b7c-a38c-da0aeaf205fa,628b5c9e-4d3b-450e-bba6-f35fa895d266","88b99851-32e2-48b8-8947-842848db3caf,598fd2e2-1f38-4a74-9a19-b92f587a7c7a,129dd865-ed24-468b-a764-9477fa2a8c5e,9a882159-f178-4f03-8182-95c492b7d5c5,11cdefcd-b9ab-4b25-92cc-72f1bd9de869,ca9b1297-8b4d-49cb-bfd3-bc5baf50f809",2026-03-13 15:37:36.887514
2,2,"The transformation of societal structures in late 19th and early 20th-century America was profoundly influenced by regional media narratives, gender roles in labor, and political manipulation, all of which reflect broader socio-political and economic dynamics, and illustrate the interplay between local identities and national discourses.","The examination of regional newspapers, women's labor during World War I, and political control in late 19th-century America reveals interconnected dynamics of societal transformation. John Marincola highlights how newspapers like ""The Idaho World"" and ""The Catholic Times"" negotiated local identities within national narratives, while Nancy C. M. Hartsock emphasizes the redefinition of gender roles through women's participation in traditionally male-dominated sectors during crises. David F. Noble's analysis of electoral manipulation further underscores the role of media and elite interests in shaping national policies. Despite differing focuses, these perspectives collectively underscore the influence of media, labor shifts, and political strategies in shaping historical narratives and societal structures.",- Source 1 - Source 2 - Source 3,"6e6c4af1-9c25-405d-b877-40e347c213d2,6cbb375f-7902-430b-a8e7-af7c50adce9c,e031a8a3-18aa-432c-94df-0ceb37cab297,9f351af7-d644-4d78-b621-0801c7a1134d,64e7021c-412f-4a01-8c21-f288e7b25dde,4305faea-0e0a-4787-b453-04aab98b37fa,d0f094cc-9e36-4b23-a28d-9b5a38b835d2,2e54c66d-b223-4d21-b3e4-afc96b379038,d2adf589-32b7-469f-ba4c-35ac7b25f0e4","69b4fab1-0e1c-455f-96c9-899855d08ff3,0a55a513-5e08-45d4-8825-92754c1c4294,649c6529-d9ff-4a1c-a60f-453764331032,ee1988ca-a4ef-48b1-8325-3774b33ce00d,d8ecd69c-efc8-4b0c-825d-f3332ff0f5d8,1dc66c60-44ef-4b51-8019-282e91e9f1c8",2026-03-13 15:37:57.481757
3,3,"The convergence of technological advancements in communication media and socio-political narratives in the 19th and 20th centuries played a critical role in both challenging and reinforcing power structures, facilitating the dissemination of civil rights, nationalist, and imperialist ideologies, and shaping postcolonial identities.","The intersection of technology and socio-political movements across the 19th and 20th centuries reveals a complex dynamic where media served as a powerful tool for both liberation and control. While David F. Noble highlights the dual role of media in advancing civil rights and nationalist ideologies, Gyan Prakash emphasizes the use of moral rhetoric to legitimize power structures within imperialist and anti-slavery narratives. Claude S. Fischer underscores the influence of communication technologies on community engagement and social activism. These perspectives collectively illustrate how technological advancements in media have historically facilitated both the disruption and reinforcement of social hierarchies, reflecting the contested nature of identity formation in postcolonial contexts.","Source 1, Source 3, Source 2","a19f74c0-be74-479a-82f1-b465fc3e4a6c,74c05a0e-d81e-468b-bea2-2c287ca9acad,060d20e0-0ef1-481b-afaf-530fbc248ab8,c747f7ef-8bbf-4ade-848b-30ca952fd538,150ec27c-4b5f-411d-a34f-32e80c87f366,d2adf589-32b7-469f-ba4c-35ac7b25f0e4,1f45fae6-7dd5-44f4-9ced-93dbec1baa20,6cf86fb4-a096-4a7b-b4cb-ce20b1c395fc,049fc460-a9a7-4cdc-abcb-7a9c76020c1b","d8ecd69c-efc8-4b0c-825d-f3332ff0f5d8,149defdd-951f-4911-aba9-52e51d6ff405,83611a63-14d9-436e-8304-64018db8b7f7,ad92b5fa-cd0a-4eca-9101-f844f92bd264,35fd8329-2a1b-4842-b1d0-07aa00edc40d,5ffb37a9-148f-4580-8e58-4e3103d512f7",2026-03-13 15:38:22.760704
4,4,"The evolution of military strategy, communication technologies, and historiographical practices during the mid-20th century reflects a complex interplay of geopolitical considerations, socio-political dynamics, and technological advancements, which collectively shaped both international diplomacy and domestic political discourse.","The strategic use of military bases and airpower during World War II, as highlighted in the Evening Star, underscores the influence of geopolitical alliances on military decisions. Concurrently, the transformation in communication and representation, evident in the St. Croix Avis and Washington Daily News, mirrors the socio-political anxieties and shifts characteristic of both modern and medieval historiography. The integration of telecommunications, as chronicled in the Milwaukee Leader and The Minneapolis Journal, further illustrates the profound impact of technology on social and political interactions. While each historian emphasizes different aspects—military strategy, historiographical shifts, and telecommunications—their perspectives collectively reveal how technological and communicative advancements have historically mediated political authority and community dynamics.","- Source 1 - Image 40 of Evening star (Washington, D.C.), December 9, 1943 Image 1 - Source 3","50f26650-c0ff-4f30-a211-e1600a5ddb9b,a90d291f-9aef-4aab-8f22-8fc3ea616488,00d99515-bf92-4d9f-9dce-05b973d0e25f,1d2ac478-7315-4dfa-a30c-a0505e1591b7,b53d6d68-3043-4592-8431-7922a4fb7d30,2828e79b-adbe-49fd-be3b-bfe0de184d15,c1ed7aef-5229-4315-9d56-5b6b7870c885,a28d1d12-831d-424e-aff9-60c3bd2cd450,558070e3-9675-4e45-9338-9fe83842e14e","34d9f91d-b44c-4441-af76-24eb652bbb5b,88e43611-38e3-4c47-bd69-9edbf88a0fc1,1a9dd8e4-dded-4898-8bdc-875b306cbf00,af1b1364-88e4-495a-986f-de728d3f5d71,f6d6de91-605f-4fe9-8760-7b6a22b11bfc,8834595f-15b7-4f81-a6ab-fb46cf3af4c8",2026-03-13 15:38:44.789266
5,5,"The interplay between media and socio-political dynamics throughout history illustrates a dual role: as a reflector of existing power structures and cultural identities, and as a catalyst for reform and resistance against these structures, highlighting the tension between institutional authority and grassroots movements.","The examination of mid-20th century American newspapers and pivotal historical events like the Lake Mohonk Conference and the Jasmine Revolution reveals the media's dual role in reflecting and shaping socio-political landscapes. Newspapers such as The Newport navalog and The Washington daily news serve as mirrors of military and domestic policy debates, while simultaneously engaging the public in these discourses. Similarly, the Lake Mohonk Conference and the Jasmine Revolution highlight the tension between established power structures and emergent grassroots movements. This synthesis underscores the media's capacity to both reinforce and challenge existing power dynamics, illustrating its crucial role in cultural identity formation and social change.","Source 1, Source 2, Source 3","4b5c776c-7cbb-48dd-84ff-c2f200db7e7b,ebafe91b-2dd0-48aa-a0c7-99c047895b27,08d5d511-b17d-4143-8949-ae629289583f,1638c06e-b0ca-4dca-b888-04b551cf6814,07bc6583-1234-42ba-9e3c-8e8fd746a054,43a83a54-069d-4da1-aac2-99452f6abda8,3e4012d4-f5fb-4b79-8ece-5d886710a265,f0fe4ad4-2fc4-4814-bd3b-26131a1934f4,4e520383-825d-4383-bd30-86ab03931dd2","03eee316-9f6a-4f3d-b605-2f0d247e4fe6,d3587914-e5ac-4219-b968-f1df91239f01,04d450d5-5156-4d38-bae2-87d74b99e81f,8834595f-15b7-4f81-a6ab-fb46cf3af4c8,ea9d7245-e053-4fa8-83c6-664214729c83,992f0755-7f69-4d3d-8959-b88b9a4a6032",2026-03-13 15:39:14.824550
6,6,"The evolution of socio-political structures in America from the late 19th to the early 21st century can be examined through the intersection of race, gender, and class, as reflected in capitalist enterprises, digital archiving practices, and media portrayals, which collectively reveal the mechanisms of exclusion and resistance across different historical contexts.","The intersection of labor, gender, and race in early 20th century America, as illustrated by capitalist enterprises like J.C. Penney and exclusionary practices against non-European immigrants, highlights the reinforcement of patriarchal and class structures. Meanwhile, the evolution of digital documentation practices, particularly through the Internet Archive's data on the 2011 Egyptian Revolution, underscores a shift in historiographic methodologies that impacts the preservation and interpretation of socio-political movements. Historical newspapers, such as the Indian Chieftain and The Miami Times, further reveal how media has both reinforced and challenged dominant narratives over time. These perspectives collectively illustrate a dynamic interplay of exclusion and resistance, where traditional and digital sources offer insights into the changing landscapes of socio-political power.","Source 1, Source 2, Source 3","0be3fad4-9d00-4653-8215-c32723d3e329,236e6ee8-707b-430b-9d72-478994eab5f9,b24a5c6a-d511-4b5e-8cf0-d07c413e6406,a1ef2e44-c0d2-4cb3-98db-ee1c1e8d24bd,061590f2-ebda-4bfe-b6ab-b1a31f607196,c2ef4629-6747-4196-ba60-08c3ae5ed9a0,25d025fc-69b6-40a0-85b3-5315a68abc9c,56bb4871-8294-4cba-9b49-f18edded9af4,44158bbb-ad64-4109-b394-0a2e8082004b","69b4fab1-0e1c-455f-96c9-899855d08ff3,d9d15208-bdef-48f2-b7f1-1b58f027482f,d3587914-e5ac-4219-b968-f1df91239f01,7b9ca80a-396c-4fc1-820d-2a586deb5e8f,a64a1e27-5031-40c1-a085-9f94d0a938ed,04d450d5-5156-4d38-bae2-87d74b99e81f",2026-03-13 15:39:38.332484
7,7,"The interplay between public commemorative practices, grassroots political movements, and communication technologies in the United States from the late 19th to mid-20th century reflects broader socio-political changes and cultural integration, influencing collective memory, political ideologies, and public discourse.","The evolution of public commemorative practices, the dissemination of socialist ideas, and the integration of communication technologies collectively illustrate the dynamic socio-political landscape of the United States from the late 19th to mid-20th century. These elements reveal how local and national narratives were woven into public memory through military and civic ceremonies, while grassroots efforts by workers' organizations significantly shaped political ideologies via local publications. Despite differing focal points, all three perspectives highlight the transformative role of media in shaping public discourse, fostering community engagement, and influencing both domestic and international perceptions. This synthesis underscores the interconnectedness of cultural practices, political movements, and technological advancements in shaping American society.","Source 1, Source 3, Source 2","7ee605ce-6823-4b5d-8462-8a63d0131492,f1618dc1-de91-4aea-b0ee-303ee6e278a4,611bc4f4-1284-4767-86c0-55c899dc7a16,54b6b669-3482-445f-ae4e-ffc8f0182a41,27109f1b-8fcf-4dce-916b-cbbb91f0cd01,c012381e-c0e6-447f-9e9c-5a045258f845,1d59770e-3961-4cb6-9eb4-407ccdf4de17,c896aacd-bc34-4e67-8d65-199911823fa9,cc8f5b65-450d-48ba-8da6-c3c8e115c897","04d450d5-5156-4d38-bae2-87d74b99e81f,598fd2e2-1f38-4a74-9a19-b92f587a7c7a,fbc54c2b-ab2f-4d26-895b-b6ad8a982968,129dd865-ed24-468b-a764-9477fa2a8c5e,f6d6de91-605f-4fe9-8760-7b6a22b11bfc,88e43611-38e3-4c47-bd69-9edbf88a0fc1",2026-03-13 15:39:59.427583
8,8,"The integration of communication technologies and the representation of historical events in American print media during the late 19th and early 20th centuries were instrumental in shaping public discourse, reflecting the period's socio-political climate, scientific interests, and labor movements, all of which were influenced by both domestic and international dynamics.","Across the late 19th and early 20th centuries, American newspapers and journals played a pivotal role in shaping public discourse by reflecting and responding to both global events and local scientific endeavors. The interplay between labor movements, legislative efforts, and the dissemination of information was significantly influenced by the socio-political climate, with communication technologies like the telephone facilitating faster and broader information sharing. While Koerner highlights the dual focus on grand historical narratives and scientific inquiry, Noble emphasizes the impact of socio-political tensions on labor and legislative actions, and Fischer underscores the role of communication technologies in shaping public understanding. Together, these perspectives reveal a complex interconnection between media, technology, and socio-political forces in shaping American society.","Source 1, Source 3","fdd33243-e9d8-4fc8-ad45-5c4fe1789ab9,c9c9b426-7f94-4981-a7c1-9791a27f7497,52401f5f-9be3-43e2-ab23-03de492d8c7a,2278e3bb-5157-4ddd-b2f2-11bdd23c23bf,dbc4a2c6-eaa6-411b-9991-875869708270,42991e86-3121-4ef4-8721-31e40ba189f8,eb769d0c-cd10-4ead-ba5b-b053d35daff9,cce140a7-4f1b-44be-ae44-30b15d04c52f,b0a3f2bb-8d3a-4783-868f-331031a44eac","fbdf1570-1962-4a7f-bae4-d18d4062429d,924e2177-458b-4753-b5ea-318e1fcf9e44,e139d9ed-2c2f-4db4-a08a-9895c6a16247,d7c97218-177a-4ec3-983c-083c5db8ba7b,d3587914-e5ac-4219-b968-f1df91239f01,3b38e624-7b66-4d91-9626-68e32df14722",2026-03-13 15:40:19.089593
9,9,"The interplay between migration patterns, the dissemination of imported goods and technologies, and the role of media in the late 19th and early 20th centuries significantly influenced the cultural, linguistic, and socio-political landscapes of regional communities in the United States and its territories, shaping the evolution of social institutions and public opinion.","The late 19th and early 20th centuries were transformative periods for regional communities in the United States, marked by the convergence of global trade, migration, and media influences. The influx of imported goods and technologies, as seen in Honolulu's advertisements and the rise of communication companies, facilitated cultural integration and economic development. Concurrently, the migration patterns of families like the Paxtons reveal the transmission of linguistic and cultural practices across the Atlantic, contributing to the diverse fabric of American society. Moreover, immigrant and labor newspapers played a pivotal role in reflecting and shaping political ideologies, as evidenced by the Romanian-American community's engagement with global movements. While these perspectives highlight different facets of societal change, they collectively underscore the interconnectedness of local and global forces in shaping American communities.","Source 1, Source 2, Source 3","3b6836a8-7a7e-49db-930d-9b6268cd78ab,be6681a0-5459-47b2-b7ab-3508bbc95a63,a4be6c36-3c20-4cad-a4d4-40e99f468824,44f5ad9c-66f7-4999-aba9-e7219a5c5bc2,32919308-dc0f-455d-b967-8465bc49878b,b9cc9473-c5bc-49e2-90cc-6629469c76e4,d6df3b8a-9e0f-46c6-9f39-049c6ea33f20,16a4f48a-47f0-4a03-a7d2-30920a422231,b52c8808-f052-4494-bd8f-8dad7457d5f7","f694ba38-b396-4ca9-b780-2548f16b8983,3b38e624-7b66-4d91-9626-68e32df14722,d9d15208-bdef-48f2-b7f1-1b58f027482f,ba611437-b8e1-4ce3-8244-e19c9ed4d872,c79ef032-903d-4adf-b691-1e1f6bacab5a,f7e4a1e2-eacb-41d0-beb8-5bcf4e7fa5d5",2026-03-13 15:40:39.589865
10,10,"The evolution of societal narratives and structures in the late 19th and 20th centuries was significantly shaped by the interplay of historiographical biases, technological advancements, military service, and industrialization, which together influenced the representation of marginalized groups and the transformation of gender roles and national identities.","The historical documentation and representation of marginalized groups, as seen in the Chinese Exclusion Case File and local newspaper narratives, reveal the biases inherent in past historiographical practices, reflecting broader societal attitudes of the time. The integration of women into military roles and the rise of multinational corporations like IBM illustrate the transformative impact of technological advancements and military service on societal structures and gender dynamics. Meanwhile, local newspapers from the late 19th and early 20th centuries document the shift towards industrialization and imperialism, highlighting changes in American identity and priorities. These sources collectively underscore the complex interplay of historical biases, technological progress, and societal shifts, offering insights into the evolving narratives and structures that shaped modern society.",- Source 1 - Source 2 - Source 3,"0045c07a-01bc-4405-8463-0a44e500c65f,b24a5c6a-d511-4b5e-8cf0-d07c413e6406,090257ff-58f0-4a1e-a82f-b8c488701f38,22e22590-1bdb-4226-864a-ae3adacef418,aa4c6fea-41d6-47ad-9c32-060374355ead,a8808405-ba4f-4ca1-a70c-83dd2550f3d6,933d7d9f-6aad-4764-8305-e88a7de46489,bad1ecee-ce38-47d3-bca6-39fc4aa5fd5a,a5a8eee1-d855-4f40-9dad-01af1f658da6","2cfda3be-29fb-42b0-ae97-369a001b50de,fbdf1570-1962-4a7f-bae4-d18d4062429d,fbc54c2b-ab2f-4d26-895b-b6ad8a982968,f694ba38-b396-4ca9-b780-2548f16b8983,88b99851-32e2-48b8-8947-842848db3caf,9ccc300c-3f01-4a32-a29d-49c31fc67048",2026-03-13 15:41:01.589934
